tsgbzmgbonethreedrqzbhxjkvcnm3,13
7qlpsnhbmnconeeight78,78
prbqsfzqn57,57
ctrv3hmvjphrffktwothree,33
9six9qbgcvljfvccdjslspprgonenine,99
eighteight9dnvcqznjvfpreight,88
one5sevenfour3,13
gjgfiveonekzssz9c,59
one54,14
rtsevenfourfive1rqhslone,71
xkxfdhk25fourtwot8,28
kjgcsncmeightdxdgkxfzqmmkg1351,81
7qpnldcvgs,77
reightwotz5,85
nineqrtrsfsreightthreetworvrphxptlrbczxsix1,91
1svfvgsfcssjpvhzr,11
1seven174ndseight2,12
56lrkxdfive,55
2jvrgmmlninejf583,23
fvsspqpt31,31
3threemhjhvrvgkseven,37
eightoneoneeightttlpjqgnkndbnmppjsdhzdbhkhl12,82
vxjgghc18dzbsssnssh,18
one2cgxdfbfhl3,13
8ssfour997six6,86
8onesrtcvqmxpzeighttwo6,86
3twoptpvz5cbgpdrggdtwoseven,37
35smnsnzxmdjtsns6sevenonethree,33
fivetwoeightfdjpscncb41,51
flkdknzdxtgdxcfqkn4mbh4tqvgdq,44
one3threethree,13
sevenfourgdnxhsqq5one1,71
kkrjgpm2sixeight24,24
krrhdhjqgmc5dv4,54
cvlh16nineeight,18
495five2nine1,41
tzmcxvdtvxpmrcsevenfour15one,71
2qvbrsxqsix45threeeight,28
pfmktwo29onensbfgdddfm2,22
7xqjzxstvsthree,73
37ninetwo3,33
5vhtctxvjrvftwoone2six,56
hbhxhjjl5twoqxmlprccr5,55
ninefour2foureight69,99
1sevenmggmcxfcfdxptktsgcgsc,17
fnkzsdjh3kqxpdvmkmvqqjcjn,33
twotcspvbvppqqntwo1hlcvppcpnv5,25
xbfhpnkqbnxdfgbgtm5,55
84tpzgonelnine6bzkx,86
bgslbmdkfpbx6,66
lqpfphxdtfourxbqdhrbcz2cmhtddsnkpgln,42
7fourfzthreezhrjdjlvsix4lrrfv,74
2seven3,23
fourtdggtgsdm5,45
1pbphhpsxbnqmfbxzone,11
tskfvdph7mftvqpnvcj2oneninenine2,72
3fiveeighttwothreeninenine,39
seven687two1pdjbbprztwo,72
eightrslvddpmonejfive4hhqbdq,84
xbhcqzx52eight52seventwo,52
fbgpj8fourthreecqngmbbvkktlbss,83
plckgsixeight6eight95bnrfonetwonej,62
1nine97rtrtxhqnone2,12
cntfouronerdsnn4lfcmhvlrq1five,45
hrh34sixfourqqng7eightwot,38
sixlfldl7qjsclxqfive15,65
khdfour17,47
frmcpx65,65
five6bjlbxkp7qthreethreecc3,53
5four6qlmpsrdeightfour,54
9lxdxgfrnlk4lsgbjnz9two,92
one7five2fvdqfqqn92xsxnblxvhdfcrz,12
hmhmxvqljdgvvvdfour5one68zgm,48
718,78
3onefive43,33
xgpqs5four267six,56
pqseven17nineninephpszgqzsixldhxmhzgf,76
ncxxlsqdkvc8fiverslzqtzhzltcmbkthreelkjjckxsvljvs,83
nine6sixkrs,96
5kcqpgfms,55
1znbcrpxmjcsixeight,18
sixtwo28eight59fql,69
8nfcseven,87
8five864sixfive,85
8fzsvsrjmjxmc,88
kftvseven6dcsfqtmtjvmgbrninefvv6,76
twoseven65,25
nine58sjshtgtqlz,98
lhjfzvlbtrfffour9eighteight73,43
9crhmmqkrrfour,94
threeklhhtlmczn6thfkvdd,36
dvjxkdgsnlds44kxs,44
9gtvhrcphvnzbmckkeightfour,94
fouronejtvrscxj9onethreelgslth,43
86four,84
4hvnqzfthree,43
8qone9,89
lnkngkxsflqsvm3threenine2seven3,33
65five,65
8529xdd5threeonexq,81
sevenlthree1,71
5sevennineflfivevgp,55
6pmzqczjtlnfvgg1sevensix,66
sixtwoone2,62
kqrxsgtrrjsix9,69
2twonebs,22
fs9hmjmdmbhkskqvdb,99
293,23
9sevenbprbbnzqjbhfpcgnxjmflxgkvqgvc,97
rkd58six,56
5mbgfldv7rskkllhm,57
fcjdzfjpvptdcxfltdddm7twornkskrnqnqv,72
bkqzf51two8twoeight8,58
2fivefour4777six8,28
mzq67threetwonrqpcrptwo,62
7bmkeightm8,78
z6twoeight5threerfckddtc,63
threeninesixmtdc7xtjhvksjjc,37
5fxffvhqzgtdlfdxdhsixnmjtvlq2five,55
nqpsvzgql1,11
six3qljkjbfeight,68
sgddglfjrtwoseven3,23
rxzhvffr1rfxqpr,11
7zjv5,75
3tcsxlpxhsmnmg27,37
lbqkvfxp8sevendcjlrfour7,87
cxlvqldcjhhlzcvsix6crleight6,66
jhchtninehrvlsfvkr7two,92
48ninetwo,42
45fivefiveone2,42
hthchfc1,11
oneninetwobfk7two,12
ninesevenkfnlhrznqseventhree9,99
2fzbgjdvbnktwoonefivefiveqhz,25
seven28mxjxnzb,78
gqrznvtjeight9six277five,85
four3three,43
1kpqmrjctwolngk8,18
49zks,49
threesevensix9fivergmlzrblg,35
eight9sixeightlfvrbvfhd5one,81
4sevensevenonegm6,46
six11one3lrztzsjczlnhddxbn,63
eightsevenpqdsxzmblmvdmjpeight9,89
71seven,77
cjqcqjlkgffoursvfcqxfkkszjhjl73,43
dgndjkhcplztmkjrdn53,53
1eight91vqjhmxrq9nine6,16
bthlrtwo54hxppxfourdsnxnlnpvhmrpqtqzlr,24
1bhdmvdrjvzthreenine6four6,16
threerknmhjtfourtwoeight65eight7,37
1hbgvsdxtrsixmsfzxrlzskkkgh,16
4hsjt,44
twothreefxhlr1bfngthreemthqqvgfpxeight,28
nineeight4hp5nhksqdvrhcn22,92
hdcfdknjkhsxnk9,99
pshjqxmqcbkhqkc5onekzfgkbeight,58
five3ninektmsrxhsdrseveneight1onenine,59
p5five,55
2sixrgznrrvmxbbvnxhqtpeightthree77,27
threehmpjclsbhjlbxj1,31
982,92
vcjxvjvbmmzmrvv97one6rdxrdk,96
four8one9xpgfjgvjmdsevennineeight5,45
five7jmcrkbnine2,52
kmbhc8threessdnfmsix,86
214sixfkxkllldfive6,26
dbhbfprsqkpmnfxgkgcone4qfgrgghqtqhxqn,14
1plplklqjqjdsix,16
ztzgqsixqsevenseven4,64
3threedjnbdbvxseven3qpsjone,31
dnccnninetwomkzk52sixcgq,96
94rdhfgjjr1gzl,91
8three2ljbjjfvx,82
8sdklzklt,88
onexvrsttmhfninetftbrhtwo1gkpbninekh,19
vsbfour5six,46
2phhz85,25
two73fourfive,25
2twonineninesjkljpdgx,29
2h,22
tghzldzcj38foursix,36
9srzlsv9seven,97
twojzssixfive53,23
85eight35foursix,86
rzx2lb,22
ghfnqk396nxqgvvgsmnine9hhc,39
6sixnine746zlrksxcglg58,68
1nbfivelvpcjnsddt3eight4fourblrzckjvf,14
sixninethreednqkk9zzspxbcfjmfive,65
16tsvqdplfnbnh,16
l13tkbfldqcdfzjsdvtfttphmcmsix7,17
rcgmlmnine94foureightnine,99
lpvmrmtkthdqll5,55
gjjprdvggvtjvqsnbg7xjvnp3eightninebhrdrq,79
lzzmsmbpqnineninemnine6two4,94
52qldxmrfive36ninetwo,52
four6fourhrsgf29,49
9zb97kffl,97
eighttwonine5fourkqtjsjthree,83
two21,21
two6fourtjjn147,27
lxnzlpcvzkbd9pxtr6qhbfmcmblbhmncljqd,96
zccjlmzhm9,99
11zdnjgj,11
one5fourone4onerttltxrzgf3,13
eight2nine83onepxjhx,81
38fourllqpbclqnlmfourthree,33
treight9threesevenqgj,87
jb7threezfvnine28seven,77
kmnkbmmnine53lddseven3,93
3jxgfdzkgznine,39
72lzbqmclqtwo94nkt5,75
threejdqnineeight4seven9two9,39
sevenqnpjbznp6sevenfrnghcmvlfbns,77
oneone23oneeightone,11
52qngdcmftmchfzt,52
two8hnine1qsseven1three,23
seventjlsdnmx25pnxvtxtsix4,74
3veightjkgnbmcssevenpjrszdxqthree,33
kkhxtnqzvz4jdqmtwoeight,48
4eight15niner,49
kreightpprcklznlcstjvqhn36ggfkphxdhm,86
four53ngjzlmhg,43
ztwoneoneshxnb2sevenxcrgjbckmfiveeight,28
3five5221ddgprnvgpnj,31
2hdkdzcvcmmtcrbsvfsevenone,21
dtkjdncq73threechgcccdgqqsixthreehlfroneightn,71
vtfvj4nine23seven2two,42
phcvhvlq4kjnjcdkjrgninefourthreethree57,47
twopxngznkbrmrmrz7135one,21
one3bqdzone9sevenc2,12
69threesix,66
6jcmfivenine6fivefivethreetr,63
six1jpxjrqkpgllkqldf,61
rjz4two59gjjgs2five,45
joneight9gvqknfour7sevenfhzjsrldj,17
9one4onesixhvvkqtpleightwovmh,98
seven4threekpstdppxhvtwo7,77
flxzfrxp1,11
seven57eightthreeeightseveneight1,71
6sevengmkvrvone,61
five1eightfour19,59
nqxnqn7five3txrngheightnine,79
rdfkkkthree7lnpmdgdb9,39
jhhvznhlsevenninefourcmkrbtfive3thtfbjvgvdnv,73
2seven7eight8jrjkf4fourhv,24
oneone7hmdfjpzr57vfz,17
7vqsllrhznvrdccrdrnjvmzmmknp4,74
412sevenflfcvksjzk,47
7eight43mq354oneightv,71
sevenseven7eightoneightvvj,71
twotwosix2ninefour9three,23
threefourtwotwothree1lj,31
jpqccxztdninepncqqmnlxninexjfgvgccrm1,91
5cr,55
jlhrrqmtlgtqfqpmkrhqjmpmxjshshblthreefournine2,32
four93kssrxr,43
bztqzsjkeight6two18four,84
sevenoneone587ghfbdmjpqxnpbh,77
823onesevenseven1,81
tt3qmcsbcm1eight,38
prkptfivefourtwo8,58
4six8836gmmgvlrz,46
qklnpxjqhpczsc775,75
phblxtj9,99
jgz8lrghthree813eightone,81
vppt4eightthreezpgqt6dmxdtllksgrtmcbpfjh,46
nine9lgsgzkjvbcmtfourr,94
7three61ninefqgsfbpvjrx,79
98ninenfzfh,99
two2one8seventwo3hpdbstnhvkthree,23
fourstrljqf8nine,49
5kzgf5rspljfnsljrfrhg2mdsh,52
jkbjkbjhvfoureightgfnnxxnqh826z,46
3ksgl,33
3vfivehntm,35
threeeightone64krfskdqlxsfive,35
oneseventwo8vqzvnine9ninenq,19
7fivesrkfkfthree8qmxmdrvhl,78
447lhctbzpphthreebkmrthreetwo,42
two92seven,27
95sevenonecgj,91
kcgsqqdpfhrpxzceight88,88
9c4six,96
rdkqfzkdlggfq661tfmqlgkcfmfcvpqsmr82,62
1zzhzhz,11
six2ndsdxkfxsfthreeonesevenzlp,67
eight5threeoneightmxp,81
sixfour4hdktht3two3seven,67
9zdphltlnrfg9225,95
6eightfourplxbgjfnnzfk2sevendcpbl,67
threenineeightsltsrkvpl28six8nine,39
lmbqmrmjldlgb7,77
2sixninedxnhmdfxh4five66,26
5mllgtrxzkgxskkqxvpjttninefour3,53
2hjl6two,22
h5,55
eightthreethree3hcsrt,83
htjlplnfxgfqkm77seven,77
lpmggpmcq943lcsvrhdljsqqdlgrphlnnine,99
7twoonecgtdnfvlrsixrhnineseven,77
lxszmkhj983five,95
four9fourninefourtwol,42
eight58sixsix94,84
2sixthreefkbvtdgjq,23
1rnc,11
86seven13,83
one6f3jkrlrtf,13
two4nine72twojtfive,25
fourtdtwo27,47
two6eight,28
nxhzvln3five5,35
six7lbgqhnzkntwo,62
hsfjgnjxjvzskjninezfndhtwofghpstbqzcseven1four,94
6q,66
ffszknxdbqzgvmg2p,22
cvl52,52
nmfmp8six5threenhnxs4,84
9fdknpvztworqfdpjrk36eight9,99
brmqzbhx84,84
two72nvrlnhkjnineseven,27
1spsmjscthone8,18
sevenphkpdzvgzcjvlskdzbhqgpknrzdpsn39,79
gfmxvrrvk8,88
8zkpvrq7ggjskkr,87
7ninemvm41sbftf6,76
nine2sevenfiveonetlnhbbxv,91
rtwone881998,28
eight5threegthree,83
fhlnkzgqh191,11
48fourcmfivecz,45
5mdvbgmdhqbctxclonedhx1sevenqczd,57
12one,11
sixsixeightjmnbqzfive49bk,69
nine2seventhreehvrfvm11,91
gnsixb3three2,62
one3hrqzfsc3one8threehhjbzkmln,13
vvxcbrrone95,15
nine7twosnpv2threeeighttgg,98
8onetwobqnxkkvhk5,85
qrphvhfqninemcnzfrhfbvdtsnhst3,93
2eightj,28
eightmdjmnqd1seven,87
seven5sixtwoeightcglpqvlzxdfive32,72
nine3scvsffour6,96
3onefourseven,37
cfqfkxv4five,45
2dbq8fnzpzp,28
fivekbblqgnjt12pxnvjxrssm,52
sixfive16r8dqkgspmlb,68
ninexjhfsgn9ninezv,99
lcfourtwofiveffrl6gfhxsrzmdl,46
8oneshvxjn,81
8threeeight8sixqbfnpxhr,86
smdjbhvsxlnhcqnxxgqcxfive5,55
threeonesevenglblr56lsntrdsjhp,36
seven1ninevqpssj,79
58seven,57
lghxjdhpdbqs19,19
lkcttrkrcpfourjtkfxmxcfive4kxnchspbqvqrfv,44
7mpgnvdrmsqbcnfzrhtpjhz,77
threezkjqk5fourthree8four3,33
7398,78
xpmrcfffmhqpnmxtqxsblcd2fourq6eightdqvj,28
6onedvdxtv9,69
sevenzzvgmlqk5phcldhgghvshclp8,78
xpddfttzsix63one3,63
threem5eightwomp,38
2crrxnvrcjklzvdxk1slmrkq2,22
5fivesix8mstzprjlvqhcrn,58
rzkhdgfvkqonexhblnnine32,12
5rseight377fivepnlsngxvmthree,53
onesixseven9,19
9dgr98,98
6jjcb1hlmlchvtqhpp36nine,69
lrxhvzs538seven76mkt,56
six48fivexqxqxdzzhggvcb1,61
94seven7two7,97
five2bqxzjllksix4,54
21three2eight,28
9rbsrdjbgmgln2fivesixninejfvk1,91
9foursixsevennine1,91
9zjxdzqbxjlbbsnine,99
8zfslsdlhdqmptwozzndjcskhptwo68,88
9fiveone3fourpncrvfive9,99
tbslbmgkqv936sixgsqzkfcjpl,96
fournxfsgdthq4bsmp38sevenfivegclrlpgxt,45
1kzql,11
7onehfzqjdnlzcxflzrlxdh8four9mzf,79
1sevensfivevgxeight9frcbzhpn,19
four1seven8njj8,48
74dtgcn,74
sevennine8twothreeztstwoklxhgfbgnnb,72
7seven3bdrbpnzcr,73
2twooneggtzrfqcsqqq,21
rfxnrxkk5twocjddcmqbrqjvprtbdjtpngl99,59
pspkmpxzmn9cndplpjskthree7klc,97
eighthcnhhvvjxc295rxgfour,84
74nine,79
jk17mxgfhjveight8twonine,19
2six8seven2nine4sevenkrgmk,27
6k96,66
5jseveneight6eightnpfqt,58
ntwone1dkfrhmfourzngslfournine,29
nine64,94
njeightwo52,82
15mhnqxqcdgcqbqtdp,15
hlpgsrxf429four,44
tncmkps6bninergvfkrv649,69
bqqlgvbdp3,33
7sixpzpbrxbhqjgvgns,76
849zhtmsevenfour77,87
three15seven9fourthreejfmxhllseven,37
ksixeight4three4fqkjthreemjqhxqgk,63
four4seven4eightkgsg,48
sxgrghvnfknfrsixnkflvngkmsznhc8,68
6dzxmxkvvpnkp6fnzdfkjsevendlqrsgdztone,61
eighttwo81cbrtrrfour9fourqkkbk,84
hvnjpcxhlb9skfjsixseven9two9,99
pmt113onertkj4,14
seveneightdftwotttone6,76
fnsmzpthreexcssct42,32
5eight4threefgllrpsgqhdtsqbqvzxtpgpdgnvctt,53
rfddtbdpftrvf641five2x,62
1three8clseventjtwodlhggr,12
fivelxhrninej8fjngzdskseveneight,58
ninexxlhmhzdj7tfzds3khvctlrxmhsxdnbm,93
bggglk31threefivenineonepqcdzczjm,31
223seveneightfp,28
mkvsblkv76,76
7three86,76
xkmxnbmtzrpdp2threesixfjkpbhpzb,26
9four2,92
7tqqg,77
three4five,35
zndhqdmkntwo6,26
rgblqcvrxzv5clzjdmfkph5,55
skcvbd2seven5,25
eight8xnlmzm,88
9twovfnvrmcfhn2gm187,97
seven8sevenjshjndsdgrnczlsevensix7djrk,77
bt2one4jgztwo,22
one126eightnzpxkgfj,18
blrlnfnnvbhkltmgqqsixsix2bdnprfp2rpqtnvbtwonenpx,62
prffzmfndlqfqjncvskgdtwovmbqnxm8twojttxpv2,22
6qhjdzs5bm,65
76lcmfntskmxddthreesixone23,73
bstcghjbhkrlpxf1six,16
7ptpcjchcfffivenineoneone,71
7ninethreezstzpdr1two,72
szxlzxpn2fiverhjrp,25
5625,55
two6ghnhfvrzlqdtqflvfgldfjj37gcxnxf,27
one3scnfcdpsn2five3ninejbv,19
eight569nffztptqgd1mqbkssdcppjg,81
fbsvjlln4cdshlvmxpmmc4threemfqnseven,47
nljzcfzfive5ninen,59
gmhlb2sixfive55cvnkgknrpbdtnrd,25
47six,46
skkhbxfour6trmh7nineseven,47
three9five,35
12ninexcc,19
eight6kdtbvfourb,84
425threetwo4hxnxseven,47
five4jbbftjkcmjqxrdls3nlhvcgeightrjn3,53
knnjdj5tgtsrgnmjqmjjrnht1,51
nine3mhxxsix39,99
fivefourseven2drz3eight,58
215xnm,25
6seven3,63
77kqzfcbklvznhgvnpfivefivejx5,75
8seven6sevengjssbvngxzbgcmm1,81
mqqxqgmzdvzdgjrlkntdjhgfouronegrkddl14,44
5threetxbscpfxdgfive,55
two3bdhxhkqnd87cmrkzxf5,25
two7twobgnxklp,22
9sdnnzrkms8rbbzfqms8one,91
2hxdxxstwo,22
foursrb7smqxmkt,47
14xfhdkfmh,14
84trqvtltpqvdtzdlch,84
19hjjhfljxnine,19
1lbkvjcjbbeightngnqdvz8nddkmqmvvb8seven,17
mlnpptcflthdprj4fiveseven92sdhxchdcj,42
cdmbfivepgdbgdfvbklz8six7,57
cbqvbtpljv8skzgmbzbfgrbffmmb,88
one9ninev4,14
nzvjsqx7fivebgptkrxsx65sixfivesczbl,75
42bhjthree1,41
twoqnsxllxrsfive64vgtpcmxc9,29
sixbzflbdv7,67
54threehf9vhctwofour,54
4pmkmlpnnine3,43
3sk88qglhbsjxdsdcnqrnpdz,38
79szleighttwofivef,75
vbctcrttwo43oneone,21
qjhdlqzqftfgxgnbbscsbznfgslbltd6szdppxfpm,66
fivenbbsgfthree9,59
hjqmr9rqsrhspcfjmfj379,99
lxjeightwo6four8,88
45twonkxhqq,42
ggcvxfz6lfpbcspvzsqztjllrrpd,66
qmlvh9bmlkfive83fivepbtnine,99
1qqqbrct45sevenx,17
ttgtbnzrn1dprs6four,14
nine1rcstjdlhb6hsrnvsjxeight1,91
gtlhk3gjhqvtwotv,32
six278kd,68
vlgzjxlmfs6,66
8d51,81
seven6lzjgcc,76
sz7sixctstdkhlb89,79
27three,23
6two3msmszdzcrfgxj5,65
8dbvzcrqv,88
tftbmjrjd831gbzrhscthree6jvvfour,84
254sevensixzzkjsq1jmmbvdbhtmfjsp,21
ghqgzfkqhnqntwo4nfj1,21
sixfourninetwoxjtsxcr3,63
five2niner2,52
22blmbkts7,27
one2cbkvqstone5threekzvskbzdt5,15
48lgvmpjvhlfsixone6seventwo9,49
1five5pzglqpqltn,15
8dc6blpnqcjndthree5,85
lncn3sevenptdrlpqsbseven,37
9mdzt,99
flnr3sevensevenpjgrgdbrvdgkhtlzzljdnppp,37
lpljgkpqdgqsevenseven8foureight5,75
xzrkml7,77
127,17
hgxdcdprhg4qkxtwo1rlc,41
nine9five5g,95
three1lgdctzmqpgc4zbmc6ttsls,36
onethree495three,13
eightfblxhxptkdnhk6npbbsxgxlhoneights,81
fourm6sixeightmrztnbjptqfv,48
twoone76,26
6dsbcqrjj,66
pfkoneightmv8bdrmhlnhmninektnbdtvtwo6twod,12
qttsnrppd6s,66
76three5,75
thrxlfmbmtsxjzsx5fivelvknrgctp5vlmpf,55
nine7ninethreeztmlsfch,93
18eightthreetwo978seven,17
bseightwovtlxsb5sevensrqnrklqvzstncmr6zg,86
3zthdrzlqcjbdsfgqphkzqeight,38
mvfnine6sevenrkbxbhlld35five,95
cddpxjhdgt9fsfmkxmvtm3dnqndzsnm,93
vrhjfsfkt3sevenqcsxvkdrfndtfljvkxzckctwoonednpklkm,31
hqjfnbh9threexqfive,95
mrpdsqbhzjzplrlqf4fjstqq,44
6htcxzghbx,66
nine6dflrcbjl65,95
bpclpbkbbmq9threeonetwonejn,92
eight5fivedcsqtsnfkthreefour9six,86
4lvl,44
fourq2,42
four388rrkjtfjzrceight8,48
7lznsixfh41pdlvhbh9tr,79
9nineseven438,98
tgcqntlpqonevmcqninezcxfxbbone6,16
seven2gg,72
two1one65threexsix,26
1one6lrgflmsixfivefour,14
sevenone46,76
61crvnncdxmkseventzqvdsmfkx,67
khztxzpnl6nine,69
threeonehjxpgj3nine6threehcsix,36
twotwo5mpbgbtfjpcxbksix49two,22
62,62
kssevengjcdtrcmklxdgftslsz7kfclxsdtc,77
9mgpqjhlfivesix34sevenone,91
89711,81
3tgkpfrvvcpxfs8jhmdcxz392,32
6ghbglhfive469x,69
9ctfqkhbgprf38,98
cshsctcqr6tcxzjgrzsx,66
chn5onethreevqdhhdv74,54
one9fmlbplqeightfthchbzjhzgkbv,18
fourtwopkllbslsix94bcshtp2,42
rvmpsxkmcqninetwovhjzvhm3,93
4eightbcdvjjr5ninethree6fiveone,41
6three6eightdqkcg,68
rsix7seven6fdpzpgvmkp,66
eightrvlmbdq91six,86
x978bsdxxnknine,99
81five3,83
6bmmvdflqfxcmhtsixjprt,66
five6two4five37seven7,57
nine6hldzbzxhzdvnptjeight4ninejxlhvtkpzd,99
eightfone9,89
4vknnxxj6192q6nnfbcm,46
twolzt6two23two1,21
84lltlrz4vsl3two,82
rnfour39cpcggzone,41
hgfx464,44
6tdldmclkhqkkdzxmhvtthree8,68
9sevensix,96
pfgb55,55
mqnqnineplccphpctvxs3sldkl,93
cblchzhrsone4fcbvfxkjjbcptp8oneightv,11
5mndn,55
pptwone8,28
fivejvzddb3bcvvskzxstfive5,55
k7sevenninefivefiveqzbxlsgcmoneone,71
gxqthreejzntslggzhxnsevensix1onecphllcxc,31
6slttzsdvnkfgbqldqvlqrszlpsixtwo3,63
7lqlkstbxpt87xcbssmn,77
fourtwoeightjnflkkbksn566,46
dkjpckbtnninejcxg3,93
6713ninetwo,62
9six3rskfprrbqhbstmp9,99
4onepfqshseven4seven,47
1d,11
zdht4sksmztjpcrjthreenine,49
four29one2csmk,42
93lmdlxrrj4threeeight,98
zkbckninedlzxpmdneight4,94
gjdshxctnszcrlxj8,88
4nqfvtshhk,44
hvjvrh37threehznzlrprtptwo4one,31
eightghbtgpbjfdprqnpvhhcbdtrzsjgsix2,82
sixmgpzcmxq3sixsixxpdrfpzdsmqsr,66
onefivegphhdggf6kdrmnvgfqj,16
mvtj2six,26
6jhtqngl7jtphdsvtkbvscm1fivehv,65
632onefiveeight2,62
9ninezfbzdplrfourthree3eight8,98
164three7fbznchn8,18
fsklrdzbzv8threefour8sevensix,86
twosixtwo4sixsevenfivethree,23
foursevensix4fourxhfjzjbkhsix,46
eight26foursixseven,87
8frxqhzqstxzmlsqpqtcsevenfive9,89
mgck4815plnnmrvhfvhbsln,45
3fxpccfplrfivetwobbngonephjs9four,34
4gbbgpbqnpbqjzgvjrgpprtwoqvjrrn,42
four17two93eightthree,43
twoseven3,23
one5vqpmvkpgtwo88seven,17
sssmblvsixseven2,62
6fsdxfxgdhnqkcpzmbljlfkfsjztdp94h,64
kx99pbk6,96
nineone7knpqj,97
2fourzgseightseven5,25
sixninekdbvrrllrl8sevencvrdhnine,69
8jtqlpz2,82
hgblktnine92htpggp22,92
8l3,83
xfxb82srqlldfonelqjhssmsrfkbmldjqt2klnq,82
321one42seventhreenlrtm,33
jponefoureight6nine,19
3lsljdntnsjrseven,37
two1rvc9fiveonerkdnrnfd1,21
1twoclddjfsixtwovhhczl,12
4two48krlhhbvzhq,48
78fourncglqhghzxhbrb98threeglzklqgkg,73
threetmzvnrfnqq23,33
9five5four5ones8,98
six4onefive6,66
45lfmdrgsrvkkkzglnqmrlt,45
64onevthree,63
onefour9zvkgndsv2,12
dmrk46vlrztxbjfsbll,46
2four8oneeighteight,28
pqtvvlbrgninethreeone1,91
6four733d,63
seven1qhxhgxsx8fzlbkm9hpmnqkknjpseven,77
6cspj21fivetwo,62
seven3fllzkctljxlcqljbxfrcleightwov,78
73bkkkdnptddqqxhjteight,78
jjdmnfourp1threextxpmdnnnine,49
five2lvhh4kfg3,53
rbconeightthree8,18
59lqvpccqlbmqqtzfourseven547,57
vdvsbhcptvxbgd46three6,46
xtrbzgtwofour9kq9,29
2nineeight,28
29nlcdzgrkh7,27
onehglhgkcksm2onemzpnqmbxccvpxxssg1gcpvhl,11
sevenhhhgntcldxlfbrpks27threeeightwoh,78
2kccbsjdblthree,23
nine6threenine,99
nkbcdbseven8cqfour,74
bfour3,43
nineeighttneight833,93
3glgsvfhkz7fivefivefive,35
zzlxqlfour3mcjjp,43
93eight28,98
1threeffive4c5oneightgdg,11
five4six,56
gpzjjxthree4fmvbzmzbjf31six,36
bcbdtbjrtn3five11,31
kbtnkjvkmdh6,66
fpjsqbxv5,55
3twofive,35
9vplnvkkmhpdfxckm2js64,94
4eightsixxgmbxzkkcsevennvdgprqcgvsqct,47
eightsix1five8one5sevenvqjmrkdjq,87
9seven7,97
ngmnllfj49dlqdmnthree,43
sixthreeqbkmzvmt7sbgsscqsg,67
5sjbrdqvbksss7gnfcp6vjpbfcgps,56
nhssblqsixtwo57,67
fourbthree7four,44
6foursix,66
pfcbeightfvtnlrmld273,83
fivefhthree8189mvhf,59
nine5qzvxjvj1nkljhvdpnf9,99
tgrllhmcmpmpeightzjd7,87
vnblzqbhx4four6,46
5qb6six2one9,59
sevenprjnnznl9nvbfour28sixnpxttwonemcn,72
4sixsix,46
7two9,79
7pzzdv2fourgxxczzqtdxfjgtxjztbvjt,74
218jxfvzrfournine,29
4sevennine,49
662onecvzlsixzj7six,66
bpnmf95seven2,92
clfcfivetwo9mkxqnthnnhkpxcm,59
klgfmtjlctstwo9,29
1zlqhkkhmdvszg2three4nljlbrzz,14
five6threesevensnprfgsggs1nqqjtsqxpdtjlfr,51
nhkvqk89four,84
rtgzhbhjcjcznp5cxbprzxfoureighteight4lng,54
xdvgfzxbvzfdkff5dthree,53
1two465sixnine,19
2six327mflsr,27
qpeightwo4sixfivetwokvzhkg,82
4seven9jmbnjrhrtthree,43
4flchcfh1four,44
94fourldjgvg7drlcxqtnv2,92
99sevenfourmfhnjg9,99
32fivesix275ninelpmkponeightnp,31
9xzgfxcmplrzjsbnlkgcbnpchth,99
htoneighttntmj6ninethreen7,17
64one9sevenghcqjjrseven,67
8nvkfqkbbpzseven63zpnbbnine62,82
fivefoursmdnvczb6,56
mmrqfrtwo2hhpk7eightthree,23
dnrrfklrpxstln57vqzkrxlqnmsvmgdbthreeoneightc,51
19rqmvljqfrmfoureightseven,17
twofive9vm1csqlrvngtfiveeight,28
zeightwofivefour6gcmh97,87
7pzts,77
42ninecnbthreedlgglgp,43
3kqthqfprdntgbfqqc,33
sixdrrqxxdgl8dhf4,64
51three,53
39qpctcjfnh7,37
9bfour4,94
onefourseventwohbqpxn73,13
jzbqdcsevenseven8seven8mmbktn,78
xlzeightwo3648threegrfourrjzvz,84
eighttmmtcrqhlpnrjjlchrvvthree6,86
5five3one69eightthf,58
bctwonelppl122bkfivetwo,22
foursix2ddxqqz,42
hbmcnbvdhpkhp3sv88,38
csdp3onebjxxlckthreetwoplskdphhmp,32
rvkdmmgfvsfive8ggvcvxgjgrsix,56
7zjsdzbeightfour7,77
four3qfsvmbhhfv276,46
krdnine4bnneightbpxfdvl9pcf,99
scdklgdh46fivefiveseven24seven,47
9rmmsthreethrlxjtjkb,93
7fivesevenstfourfivecddbzmxrrqeight,78
fivethreeninexgkpmpbvsix7,57
sixvqpdpfk43rhmd9,69
2zvkhxtfourpdfnsbsnbvone,21
four7lrcvtsczdp2sixvvlkzrzzk9gcxtmx7,47
61pzlq74cmlkjvseven,67
qcjzncctvv237dsjvqm2three,23
89threezgd2eight8,88
nxll6fivev6kt4rmtfkrnkfive,65
lvxxvnpzlrk8sbmbnhtmlds,88
sevensevenjhcxcninesevendlghdvfj5mkmdb,75
vfq4,44
gxkcbkknqg8187eight,88
six79tcdlv,69
bsntwone3six8,28
8nd,88
qdlhkvvpxrtgbrzpmcfourfivegpjqjfbfmngnnbpshfkdpsdgj2,42
threetjbcjmzlcvnchp34nineseven,37
zjpxzkdlmhcbzkrflvfour5mdqldvgrnx5sixlmgjpqx,46
cjnvmsdrpmq8,88
threeqr8xrxgv87,37
rcfsntqrlonezlgl7dhlflqckc9vhd21,11
9three7three,93
ptkqnrtmrnsixfiveseven67,67
44fourfive9,49
4fstrhjjctsvrz7cpbr6gjpkkxglx,46
6rjqcmpfbp,66
731,71
fivexdfkzmjs3146five6kvdsnvsxsj,56
dhhz6,66
sltpllcs4seven8771,41
1fourkjfhfcfxbeightseven8three,13
sevengrzlghdkg8three,73
sixsixnkgfcfivekqfzsj59,69
4qbqggqlmjkrgnrxthree9dxgssjkrseven,47
xhlmbone3one8,18
3t,33
8six37,87
fivethree3onegthree9thhfzp,59
9xdmvkx7fourfxpgsvnine77,97
coneightfivedfkqrfjcckghzsrtrc9sevenone1,11
five4ninevxldttfxxdfxfhttbxkvjkfour23,53
cpfklzcpp2eightfjqcrsmhlnxckxmtdchbzqblqsqqp,28
34six1,31
5fivex4,54
fivefivepjfrpzdvcq2,52
onelnppnxczthreelldqndvt3,13
nine699ninexjnine,99
16one74,14
8jdkblqbq59zlkhj97one,81
ckrft6sixeight,68
fourldmq24,44
87zvt,87
threefiveone75hxnqqsjroneeight,38
lsxlzvssshlvbr5vtvgsznrxhkp73,53
threeknpqxxgg84,34
oneone3mvtlxjhfiveksgpnms9kzkf,19
thxrqsrninefourfive31kbcp57,97
fivesixnine6oneqgxckbjqfszpsvhjgms,51
eightsix83,83
ttwone9qqhg7,27
7fhvffiveftkbfgxsdfourthree1,71
hbkst6foursixdndhmtwosix,66
mhgxpvgmndjgsftqjkkxkfzxmhgtdpxxmbztwo6six,26
two6ljpjc8ffgmblpxrcsevenvbsm,27
xqbmzh85mqchftctnfourfkeight7,87
xlbltdqcsx2sixmqdzvxhqj,26
eight468,88
nine2rcrgfpx5,95
eight5tjoneseven,87
hncnnjvbdfdfcthree1,31
sixzfllx24threesevensix,66
7eighteight,78
8652sslmpr1,81
m88ktthbnh5,85
six1ninethree,63
sevengtb6,76
9eightzpdkqzp3,93
tplshfhqsshs4,44
4twothreefpj,43
48threetwockbzxdhqp4eight,48
eightmkeightjdgmvxdqfx7,87
six99,69
69one,61
twodmnzphhsb2,22
three3zhqckdqeight1,31
2x9xjzgtdgk5ninefourseven,27
4vrpseven7tq,47
86cjqrqp,86
one8four67,17
three7two7six2kxl,32
bhnbkthreetwofqchzvbxjqqm4seven4five,35
onehncctk2qnphtkjns,12
6stmbmtj1ms,61
mdhmknhftkdtnrgkbmh7six1six,76
six4three5,65
fnccxltjdn4gteightfourone3,43
twofoureight5seven4,24
four7twosix8three,43
pgvjtszlkx4,44
threeseven438two5,35
six78qhspmhqtkc,68
56sevenjdfvfbzvsgthreemrbmcqctgonesixppg,56
fivesevenlsixvgxfkxtbclkbsqt35,55
sixeightfiveseven7three,63
frmgthreefour3szxtf1,31
5eightrvflvtqzq8sevenj,57
five5dbtfxqxzfour52mxfzmkfks,52
2ggjtsdmdr6,26
cpszsjthree4,34
rrd8rrfcvzhcdr651rfc6h,86
sfnfsc89eighttmsc888t,88
46eight,48
992sevenzsxkzxxppnkxlxkpbz,97
seven93tzgthree,73
952sszqqqrc1seven,97
fivetwo3sevenfive4,54
pfgdhlvv23onesixtwoznfrlcndlvr8,28
mhcvnl1three5,15
3twofour3pgjtjp2five1,31
nfcvxxcltwo49khnmggcdlr5,25
8frh21n,81
6p477xtfrhvclvnxpbdmftrgd2,62
sevenbqsdxlceight3,73
seven2nine86jx,76
44cqv,44
7bfgmrc,77
88twoonethree4m5oneightn,81
94eightthreefourdqdrnx8threetwonepbt,92
onegvkdxllnd76,16
onechljqc4mvhljvcgbthree,13
2ninenine1two,22
threenineone8ggnbmnfcnfteightsix1,31
eight6fivermqnm94onessnplzpkzjm,81
7fivezcnlhtfournine,79
pfourvpqfqz7foursix,46
sevenonedcs9,79
threebfspz4b6sevennzkznbd7,37
tbg56jzgmkgmxnbncvtgrpk4,54
337sdxdlbqd2,32
4tcvrpvqkkhhthmcjzggqgmpdonektzmrrszs,41
twocfgqtp7,27
sevenfcmgkblzh4mvgjmktn4,74
ptnqxxf1two,12
fqftxjznine186three,93
6foursevenonenjkbdjfbhhtvdthreethreeeight,68
4two3,43
zhronethree2six3five7,17
3fxbqvvkh6twoneftm,32
zf2two4xndhkmb93,23
fivefivefour9rhcjxxtbtd63nxtk,53
five3qpvgdcqcvcvbn6,56
1qjckjqkbqvbtqkrbvkxp,11
2gnglzbllksix6fgfjrrltrhrspl5seven,27
four6five8gpktxzxcdtvqsevenqlbsnine,49
seven6lgkknlfouronegxnine2,72
9ninefour8fourpd2threetwo,92
358lmjlsevensjrlhkbspkqxcfourmktxqrhjz,34
mbqnmgjcbninenine82djlmzk38,98
four6lgd66eighteight8,48
three566,36
czeightwoninefive7one,81
threecmkmzszq337rsctbvvpgvlfvreight,38
btwone91blrcbjvpfl,21
cgfddzmnmz3,33
seven3sixsixnqt9,79
xsthfourtwo1nine5dpvjpnine,49
97fpjzktsixtzpdseven5,95
seven6fivefive,75
two16,26
nddxvnqnggdzcnhthree2,32
1sixseven,17
three1nvpdzhrndgbvfiveeight1,31
134,14
threeeightlvbp6,36
qmrmqcjkdfoursixfive8915six,46
2jrsix78twoninefour,24
5vgtsevenfoureighttmntdgptbvxonez,51
2npzxnpmdtxctgeightrbvrgdkqthree5fg,25
hxtvnvqffivekgzcl6dtmplhqprfdbzdoneninesix,56
two384zlqs8351,21
2sevensgnxgzkqsixtwo,22
nkone877fivegtr,15
ldr43,43
six3nrstcpvfive6,66
one799onenineseven,17
4onetwofourfourghpzmgjthree,43
one53two8tnmlpcxvvqvrtjthreefour,14
49nine,49
sgnxr3two,32
threeblnc1six3hvdlj1,31
8sskxtzkl35hknine8one,81
keightcqbkbz9gsbxdqshzngxcbjqtqn,89
7foursixnine,79
sbhv3lvkgsgk,33
dmvthree152cjh,32
two6nzdd7rrltcngdbshfzlhsix,26
1nxthreetchfsleightq6v,16
5threevrc9four6st,56
b2threeeightonesix44hnxzcm,24
2threefourfournine,29
1fxbbfszjhseven,17
lrxhhqdzx2sixsixtwo7eight6nine,29
2eightmzzcgszpxr,28
7nine7sevenzndthknx1,71
kkstmkvmfeight92ninelpxhsssk9,89
1zjpvbmzdxxc,11
ninevtqgtzxtprbst1bxxsrrrztnhbjrdqvlheightvbhncs,98
7seven8threeeight,78
mfzkktfoneseven8pvqpszgqjszx,18
lr9kddzcxmmxc253lxfournine,99
three29gpbvjthree6hcnxzqcdcj,36
sixljtcnxbq8vnbrjgd9qsqonethreenzdnvjjg,63
vpeightwo15,85
lctthree6four14nine,39
eightfiveone47sevenhdxtlninegffpzhjmh,89
foursixhtx9nineseven8,48
seven94four,74
9h6nine,99
fivemxkfxvbpneight8hqlmmrmeight6,56
five5bhrghlfiveseventhreeoneseven,57
eight79nbmspstpkxhttvrq,89
xqcmqxnine6,96
prcnjkshkvlcgsixfiveone6,66
btbcs2rsrcrshzp8six89,29
5tg578fldlcxponefourtwonet,52
v4,44
gqrnpz5sth,55
xcsmcfour3eightts,48
eight691seven8cxdbveightzv,88
onenjhcd9,19
